학교,고교성적,수능언어성적,수능영어성적,대학성적
5,3.75,67,59,3.49
5,4.25,51,92,3.81
5,4,76,49,3.01
5,4,62,72,2.96
5,3,77,80,3.24
5,3.25,67,60,3.58
5,4.25,71,49,3.43
5,4.5,47,75,3.77
5,2.75,69,66,2.99
5,3.75,76,60,3.03
5,4,79,72,3.6
5,3.25,79,72,3.27
5,3,79,59,2.37
5,4.5,72,66,4.44
5,2.25,83,83,2.48
5,4,48,75,3.62
5,4,79,64,4.12
5,4,41,72,3.9
5,4,79,54,3.11
5,3.5,59,73,4.03
5,3.25,86,60,3.03
5,4.5,62,78,3.69
5,4.5,67,68,4.06
5,3.75,86,76,3.49
5,3.75,81,48,3.6
5,4.25,77,72,4.08
5,4,66,59,3.3
5,3.5,76,51,3.47
5,4.25,62,72,3.65
5,3.5,51,64,2.44
5,2.25,47,81,2.95
5,4,59,54,4.03
5,3.5,64,64,3.48
5,3.25,56,84,3.72
5,3,64,59,1.85
5,3.75,58,70,3.04
5,3.5,62,66,3.24
5,3.25,48,70,2.9
5,4.25,81,72,3.93
5,2.5,62,81,2.57
5,3.75,79,78,3.44
5,2.75,64,89,2.92
5,3.25,47,83,3.41
5,2.5,38,87,3.18
5,4.5,64,62,3.89
5,2,59,56,2.75
5,4.25,56,76,3.68
5,4.5,66,73,3.74
5,3.25,71,59,3.57
5,4,76,52,3.72
5,3.5,74,52,3.89
5,4.25,56,52,4.05
5,2.5,44,83,3.16
5,4.25,44,89,4.22
5,4.25,83,83,3.99
5,4.25,71,52,3.74
5,4,79,59,3.95
5,4.25,35,80,3.94
5,3.75,44,70,3.69
5,2,59,93,3.11
5,4,64,60,4.09
5,4,92,94,3.14
5,4.25,69,72,3.68
5,3.25,60,75,3.63
5,3.25,67,64,2.76
5,3,72,64,2.48
5,4,62,75,3.9
5,4.25,59,78,4.04
5,2.25,91,78,2.03
5,4.25,45,83,3.89
5,3.75,55,66,3.68
5,3.5,58,72,3.67
5,4.5,84,56,3.86
5,3.5,69,78,3.22
5,4.5,69,62,4.03
5,4,48,72,3.85
5,3.75,72,89,3.3
5,4,77,60,3.85
5,3.75,62,85,3.81
5,3,60,81,3.17
5,3.75,79,59,3.82
5,4.25,83,76,3.53
5,4,76,73,3.91
5,3.75,79,80,3.08
5,4.25,74,75,3.24
5,4,67,83,3.83
5,3.75,67,51,4.09
5,3.5,44,87,2.92
5,3.25,79,84,3.21
5,4.25,58,43,3.86
5,4.25,48,93,4.11
5,4,69,57,3.89
5,4.5,58,68,3.91
5,4,71,89,4.3
5,4,67,87,3.83
5,4.5,67,89,3.68
5,3.5,64,76,3.15
5,4.25,66,72,3.82
5,4.5,42,89,3.74
5,4.25,66,87,3.13
5,3.5,72,89,2.98
5,4,81,78,3.32
5,4,60,89,3.66
5,4.5,69,73,3.96
5,4,59,81,2.99
5,4.25,60,72,3.39
5,4.5,71,78,3.84
5,4,69,70,3.45
5,4.5,81,72,3.78
5,4.5,53,81,3.86
5,4.25,83,66,4.04
5,3.5,60,90,3.71
5,3.75,62,83,3.86
5,4.25,59,70,3.95
5,4.25,76,73,3.44
5,4.5,88,94,4.21
5,3.5,74,60,3.35
5,3.75,79,66,3.2
5,3.25,35,80,3.31
5,4.5,90,66,4.27
5,4.25,66,94,3.79
5,4.5,84,80,4.18
5,4,88,97,3.94
5,3.75,83,64,3.74
5,4,81,87,3.76
5,2.5,69,83,3.34
5,4,84,62,3.94
5,4.25,69,84,4.19
5,2.5,81,83,3.32
5,4.25,84,87,3.69
5,4.25,98,84,4.14
5,4.25,81,89,3.9
5,3.75,90,66,3.73
5,3.5,84,45,3.31
5,4,53,73,3.64
5,3,67,72,2.65
5,4.5,67,75,3.94
5,4,58,80,3.98
5,2.75,77,47,3.07
5,2.75,74,70,2.66
5,3.25,56,56,3.2
5,4,94,66,4.18
5,3.75,69,89,3.51
5,3.75,51,64,3.68
5,4,47,68,3.99
5,3.75,72,45,3.39
5,3.5,69,84,2.92
5,4,53,75,3.41
5,4,60,75,3.18
5,3.75,58,70,3.14
5,4,77,48,3.75
5,3.5,71,83,2.89
5,3.25,53,72,3.05
5,3.75,64,72,3.8
5,3.75,55,84,3.23
5,3.75,51,90,2.63
5,4.25,44,76,3.92
5,3.5,56,64,3.75
5,4,86,78,3.48
5,3.5,74,62,3.18
5,3,79,75,3.08
5,3.25,72,75,3.13
5,3,41,83,3.29
5,4,56,62,3.45
5,3,69,85,3.44
5,4.25,76,59,3.8
5,3.25,74,84,3.93
5,4,62,73,3.54
5,4,69,78,3.6
5,3.75,55,85,3.73
5,4,67,62,3.66
5,4.5,59,76,3.4
5,4,47,75,3.4
5,4.25,79,89,3.63
5,4.25,67,80,3.95
5,4,67,68,3.63
5,4.5,58,95,4.06
5,3.25,56,84,3.73
5,3.5,77,70,3.14
5,4,71,68,3.39
5,3.75,69,72,3.95
5,2,79,56,2.42
5,4.25,81,75,3.82
5,2.75,79,84,1.92
5,3.75,72,64,3.21
5,4.25,72,83,3.78
5,4.5,67,66,3.89
5,4,60,64,3.43
5,3.25,53,48,3.43
5,3.5,77,80,3.21
5,4,81,73,3.78
5,4,69,66,3.73
5,3,40,72,3.9
5,3.75,84,87,3.1
5,4.5,30,84,4.18
5,2.75,76,48,2.57
5,3.5,79,56,3.29
5,3.75,81,66,3.75
5,3.25,55,83,3.59
5,3.75,41,92,3.57
5,4.5,58,72,4.11
5,3.25,55,85,3.68
5,3.25,79,59,2.78
5,4.25,72,80,3.83
5,3.75,53,75,3.59
5,4.25,71,76,3.94
5,3.75,55,68,3.33
5,4.5,62,81,3.89
5,4.5,84,72,4.01
5,4.5,47,72,4.08
5,3.5,64,78,3.6
5,4,79,81,3.84
5,4.5,62,80,4.21
5,3.5,56,66,2.74
5,4.5,72,52,3.63
5,3,81,66,3.29
5,3,58,80,2.93
5,3,69,38,3.21
5,4.25,62,73,3.65
5,3.25,87,64,3.19
5,3.75,76,83,3.43
5,3.75,67,68,3.51
5,4.25,42,84,3.87
5,4.5,83,92,4.2
5,4,62,51,3.94
5,3.75,64,75,3.6
5,3.75,55,76,3.76
5,3,50,87,3.32
5,4.25,97,56,3.74
5,4,58,72,3.94
5,3.75,79,64,3.54
5,4,72,68,3.72
5,4.25,83,36,3.7
5,4.25,84,68,3.74
5,2,58,85,2.86
5,4.5,72,89,3.8
5,3.5,72,73,3.63
5,4,55,72,3.55
5,4.5,69,70,3.78
5,3,60,83,2.98
5,4,86,52,3.97
5,4.5,95,54,3.82
5,4.25,72,89,3.96
5,4.5,67,72,3.78
5,3.5,97,73,2.9
5,3.5,62,73,3.53
5,4.5,66,78,3.82
5,3.25,74,78,3.21
5,4.25,60,59,3.91
5,3.75,58,72,3.86
5,3.75,72,73,3.54
5,3.75,69,68,3.87
5,4.25,62,81,4.13
5,4.25,74,76,4.02
5,3.25,58,90,2.95
5,3.75,72,81,3.49
5,3.75,64,70,3.83
5,4.5,74,73,3.8
5,4.25,72,70,3.83
5,2.75,62,64,3.04
5,3.75,58,60,3.79
5,4.5,64,66,3.89
5,4,81,76,2.92
5,4.25,81,64,3.49
5,3.5,71,87,3.26
5,3,53,76,3.15
5,4.5,60,60,3.9
5,4,81,72,3.53
5,4,77,70,3.08
5,3.5,51,84,2.97
5,4,92,68,3.8
5,3.5,64,51,2.83
5,3.75,58,80,3.34
5,4.25,64,75,3.63
5,3.5,47,81,3.81
5,3.25,71,73,3.7
5,4.25,62,75,4
5,4,55,83,3.73
5,4.25,74,57,3.7
5,4,66,64,3.09
5,4.5,56,89,3.8
5,3.25,44,94,3.33
5,4,79,48,3.45
5,4.25,79,81,3.58
5,4,53,90,3.61
5,3.5,84,66,3.12
5,3.75,53,95,3.33
5,4.5,77,68,3.85
5,4.5,86,94,3.95
5,3,58,72,3.03
5,4,60,81,3.23
5,4.25,55,80,3.88
5,3.75,69,83,3.73
5,3.75,55,83,4.03
5,3.5,72,83,3.81
5,3.75,79,76,3.49
5,3.5,83,76,3.42
5,3.5,77,60,3.36
5,3.25,69,89,3.5
5,4,69,72,3.99
5,3.5,69,76,3.23
5,4,74,89,3.75
5,4.25,79,89,3.92
5,4,71,73,3.99
5,3.5,67,76,3.22
5,4.5,76,73,3.34
5,4.5,84,85,3.49
5,4.5,90,98,4.16
5,2.25,79,62,2.42
5,4.5,62,92,3.99
5,4.5,58,85,4.18
5,3.75,59,93,3.69
5,3.5,67,75,3.43
5,4,83,72,3.65
5,3.75,87,68,3.02
5,3.75,76,85,2.84
5,3.5,58,68,3.64
5,4,74,89,3.79
5,4.25,77,83,3.57
4,3.75,81,80,3.45
4,4,58,91,3.01
4,3.75,67,82,3.16
4,4.25,78,56,3.64
4,4.25,70,73,3.94
4,3.25,62,92,2.62
4,3.75,70,92,2.99
4,3.5,56,80,3.64
4,4.5,63,71,3.27
4,3.75,86,59,2.55
4,4.25,72,68,3.9
4,4.5,72,73,3.95
4,4.25,58,80,3.78
4,4.25,93,76,3.45
4,4.5,78,61,3.96
4,4,55,88,3.65
4,3,80,89,3.21
4,4.5,55,91,4
4,4.5,70,87,3.86
4,4,63,71,3.69
4,3.25,77,79,3.11
4,3.5,77,77,3.38
4,2.5,83,79,2.62
4,4.25,83,87,3.9
4,3.5,69,84,3.56
4,3.5,74,84,3.15
4,4.25,72,77,3.68
4,3.75,70,48,2.97
4,4.5,77,76,4.01
4,4.25,63,85,3.56
4,3.75,83,49,3.57
4,2.75,63,76,3.5
4,4.5,72,79,4.19
4,4,72,75,4.08
4,4.5,65,80,4.2
4,3.75,62,88,3.13
4,4.5,81,65,4.08
4,4,69,95,3.45
4,4.5,67,72,4.4
4,4.25,75,77,3.8
4,4.5,84,66,3.44
4,4.5,77,75,4.27
4,4.5,72,75,4.13
4,4.25,87,62,3.73
4,4.5,80,68,3.83
4,4,69,76,3.6
4,4.25,74,52,4
4,4.5,74,62,4.06
4,4.25,65,89,3.68
4,4,92,72,3.69
4,4.25,83,56,3.94
4,3.75,84,61,3.43
4,4.5,74,96,4.13
4,4.5,81,83,3.87
4,4.5,93,75,4.11
4,4.5,78,96,4.17
4,3.25,94,80,3.13
4,4,63,64,3.74
4,4.25,67,82,3.54
4,3.75,74,51,3.36
4,3.5,83,68,3.51
4,2,80,68,2.6
4,4,67,87,2.86
4,3,75,82,3.02
4,4.5,74,75,4.21
4,4.25,78,61,3.91
4,3.75,67,65,3.22
4,4.5,81,55,4.15
4,4.25,58,87,3.81
4,3,65,66,3.07
4,4.25,85,58,3.28
4,4.5,70,77,4.1
4,4.5,83,54,3.51
4,4.5,65,83,3.92
4,4.25,65,82,2.98
4,3.75,75,62,3.31
4,4.25,69,62,3.65
4,4.25,63,72,3.38
4,4.5,70,65,3.69
4,3.75,72,76,3.52
4,4.5,74,79,4.02
4,4.25,69,80,3.64
4,4.5,55,79,3.12
4,4,80,59,3.84
4,3.75,80,72,3.36
4,4.5,84,68,3.68
4,4.5,86,58,4.15
4,4.5,81,79,4.13
4,4.25,70,84,3.64
4,4.25,69,79,3.31
4,4,72,76,3.16
4,4.5,77,77,3.98
4,4.25,72,85,3.95
4,4.25,77,54,3.86
4,4,69,54,3.74
4,4,72,80,3.49
4,4,63,80,3.95
4,3.75,65,79,3.57
4,4,62,85,4.22
4,4,75,73,3.79
4,4,65,88,3.89
4,4,63,94,3.47
4,4.5,78,87,3.86
4,4.25,83,68,3.78
4,4,80,71,2.81
4,4,74,65,3.81
4,4.5,74,77,4.2
4,4.5,85,71,3.95
4,4.5,78,72,3.7
4,4.5,83,80,3.82
4,3.75,74,82,2.99
4,4.5,93,66,3.33
4,4,63,82,3.7
4,2.5,90,79,3.28
4,4.25,70,79,4.21
4,4.5,74,77,3.82
4,4,58,85,3.88
4,4.5,83,73,3.61
4,4.5,72,82,4
4,4.25,75,85,3.83
4,4.25,84,62,3.81
4,4.25,62,87,3.42
4,4,83,82,3.07
4,4.25,89,71,3.93
4,4.5,78,73,3.89
4,3.75,67,84,3.52
4,4.25,63,84,3.8
4,4.5,77,80,4.05
4,4.5,77,79,4.18
4,4.25,77,89,3.58
4,3.75,75,77,3.25
4,4.5,77,84,3.59
4,4,81,82,3.11
4,4,87,73,2.97
4,3.75,80,83,3.31
4,4.25,80,68,3.8
4,3.75,75,94,3.37
4,4,81,68,3.56
4,4.25,92,83,3.93
4,3.25,67,91,3.18
4,3.75,89,68,2.87
4,3.75,75,80,3.7
4,2.75,84,73,2.23
3,3.25,90,67,3
3,3.75,86,64,3.09
3,3.75,77,80,3.24
3,3.25,72,80,3.65
3,3.5,93,61,2.74
3,4,81,74,3.61
3,3,75,75,2.76
3,4.25,89,75,3.69
3,4.5,72,81,3.28
3,3.25,83,75,2.89
3,3.5,81,78,2.56
3,2,78,74,2.34
3,4.5,84,74,4.18
3,3.5,77,77,3.41
3,4.5,93,59,3.31
3,4,72,77,3.67
3,3.5,86,75,2.54
3,3.75,64,83,3.89
3,4,78,80,3.69
3,3.75,83,62,2.73
3,3.5,80,87,3.35
3,4.25,70,85,3.9
3,4.5,81,75,3.92
3,4,72,94,4.04
3,4,83,83,3.79
3,4.5,86,64,3.34
3,4.5,86,70,3.78
3,4,75,81,4.18
3,3.75,83,64,2.98
3,3.5,78,88,3.4
3,4.25,75,88,2.79
3,3.25,74,83,3.62
3,3.75,88,75,3.15
3,3.75,67,85,3.47
3,4.25,88,88,3.73
3,4.25,90,70,3.33
3,3,90,62,2.18
3,4.5,84,73,3.92
3,4.5,84,64,3.66
3,4.5,83,73,4.29
3,2.5,89,70,2.04
3,4.25,89,73,3.82
3,4.5,80,80,3.83
3,3.75,67,91,2.9
3,3.25,83,85,2.71
3,4,90,68,3.44
3,4,78,80,3.38
3,4.25,85,78,3.67
3,4.25,78,75,3.41
3,4.5,74,98,4.28
3,3.25,81,70,2.95
3,4.5,67,92,3.82
3,3.5,90,75,3.39
3,4,74,81,3.13
3,4.25,84,61,3.53
3,3.25,84,70,2.9
3,3.25,78,83,3.35
3,4.5,83,77,3.95
3,4.5,86,70,3.65
3,4.5,83,80,4
3,4.5,89,77,3.74
3,4,75,74,3.29
3,4,86,74,3.04
3,3.5,78,85,2.95
3,2,83,77,1.98
3,4.25,78,70,4.1
3,4,78,81,3.12
3,3.5,77,81,2.98
3,4,83,77,3.7
3,4.25,83,85,3.9
3,4,65,92,3.54
3,3.25,75,77,2.25
3,4.5,83,73,3.51
3,4.5,86,70,3.84
3,4,78,67,3.36
3,3.5,72,70,3.51
3,3,88,68,2.57
3,4.5,83,68,3.87
3,4,90,87,3.7
3,2.25,75,78,2.91
3,3.25,83,62,2.43
3,4,70,87,3.93
3,2.75,84,75,2.63
3,4.25,83,83,3.35
3,3.5,86,75,3.17
3,3.75,83,77,3.38
3,4.5,80,83,3.59
3,4.25,89,75,3.28
3,4.25,70,91,3.79
3,4,85,73,3.87
3,4.5,72,85,3.73
3,4.25,77,88,3.84
3,4.5,84,85,3.85
3,4.25,64,92,3.66
3,4.5,90,62,3.51
3,4.5,64,85,3.84
3,3.75,70,73,3.58
3,3.25,65,80,3.4
3,4.25,75,67,3.7
3,3.5,69,80,3.46
3,4,60,94,3.48
3,4.25,78,80,3.28
3,4.25,70,81,3.79
3,4.25,74,67,4.01
3,4,83,75,3.75
3,4.5,52,94,4.12
3,3.5,70,75,3.32
3,4,81,68,3.83
3,3.5,67,88,3.71
3,4.25,72,80,3.85
3,2.75,60,94,2.48
3,3.75,64,75,3.55
3,4.5,72,74,3.97
3,4,84,59,3.51
3,3.5,67,88,3.28
3,4,80,87,3.28
3,4.5,95,65,4
3,2.5,80,75,1.68
3,2.5,88,70,2.62
3,3.75,89,65,3.28
3,4.25,67,80,3.93
3,4,75,88,2.53
3,3,72,88,3.35
3,4.5,69,92,3.49
3,4.25,75,88,3.94
3,4.5,85,73,3.55
3,4.5,67,78,3.97
3,4,80,81,4
3,4.5,80,62,3.42
3,3.25,75,75,3.08
3,4.25,77,85,3.72
3,4.5,67,87,3.95
3,4.25,81,81,3.62
3,3.25,67,77,3.29
3,4,84,70,3.35
3,3.25,88,65,3.11
3,4.25,88,61,3.32
3,4.5,89,62,3.96
3,4.5,74,70,4.28
3,4,90,62,3.24
3,4.5,67,90,3.99
3,4.25,89,75,2.88
3,3.75,70,77,3.88
3,4.5,84,74,3.47
3,3,84,85,2.28
3,2.5,81,77,2.94
3,3.25,83,70,2.87
3,4.25,95,65,4.05
3,4.25,89,77,3.51
3,3.25,74,73,3.25
3,4.5,80,85,3.79
3,4,93,83,3.55
3,3.25,65,80,3.33
3,3.75,77,67,3.14
3,4,72,70,3.86
3,4,77,70,3.58
3,3.25,72,67,3.84
3,4,81,81,3.45
3,4,56,94,3.69
3,3.5,77,77,2.71
3,4,74,73,3.81
3,3.5,72,73,3.14
3,4,88,94,3.86
3,3.75,90,57,3.72
3,3.75,72,94,3.69
3,4,69,98,3.9
3,4.5,81,61,3.87
3,3.5,74,83,3.38
3,4.5,77,80,3.82
3,4.5,62,96,4.18
3,3.75,93,70,3.66
3,2,67,81,2.67
3,4.5,70,87,3.9
3,3.5,67,83,3.36
3,4.25,54,94,3.59
3,3.75,77,88,3.3
3,4.5,69,70,3.6
3,4,65,83,3.44
3,3.25,88,68,2.91
3,4.5,75,90,3
3,4.25,75,81,3.56
3,3.75,85,83,3.66
3,4.5,85,70,4.24
3,4.25,78,91,3.86
3,4.5,96,62,3.9
3,2.75,89,81,2.82
3,3,83,91,3.37
3,4,75,97,3.94
3,3.75,84,81,3.45
3,3,83,87,2.87
3,2.5,92,59,2.53
3,3.25,83,74,2.78
3,3.25,92,70,3.01
3,2.5,69,90,2.86
3,2.25,69,75,2.69
3,4,72,78,3.01
3,4.25,67,88,3.72
3,4,70,83,3.4
3,4,88,57,3.44
3,4,84,68,3.27
3,3.5,67,90,2.99
3,4.25,80,78,3.77
3,3.75,83,59,2.49
3,3,81,74,3.12
3,3.25,84,68,2.85
3,4.25,77,70,3.75
3,3.5,69,81,2.87
3,4.5,77,70,3.81
3,4.25,85,65,3
3,2.5,83,64,1.95
3,3.5,86,78,3.53
3,3.75,72,70,3.47
3,4.5,62,83,3.95
3,4.5,69,97,4.08
3,3.5,72,74,3.1
3,3.25,86,64,3.2
3,4.5,72,67,3.57
3,4,86,83,3.71
3,3.5,93,59,3.45
3,3,72,70,2
3,3.5,80,73,3.15
3,3.75,84,67,3.17
3,4.5,80,62,3.38
3,4,81,78,1.9
3,3.75,83,81,3.43
3,2.25,62,90,2.84
3,4,84,73,3.58
3,3.5,70,88,2.98
3,2,69,80,2.86
3,4.25,77,70,3.62
3,4.25,64,87,3.67
3,4,69,80,2.96
3,4.25,77,67,3.7
3,3.5,81,70,2.54
3,4.5,77,74,3.99
3,3.5,88,70,3.59
3,4.25,72,80,2.61
3,4.25,64,94,3.56
3,3.5,77,75,3.23
3,4,72,91,3.58
3,4.25,67,77,4
3,4.5,72,88,3.46
3,3.25,65,91,3.31
3,4,81,74,2.33
3,3,85,88,2.24
3,3.5,74,83,3.1
3,4,72,88,4.12
3,4,75,74,3.08
3,4.5,78,85,4.14
3,4.25,83,68,2.95
3,4.5,92,68,3.87
2,3.75,83,83,3.49
2,4.5,83,83,3.73
2,2.75,69,69,3.16
2,3.75,83,69,3.61
2,2.5,83,69,3.18
2,3.75,93,83,2.76
2,4.25,69,83,3.45
2,4.5,93,83,3.81
2,4.5,69,93,3.85
2,3,93,69,2.23
2,4.5,83,83,3.7
2,4.5,69,93,3.94
2,3.25,93,69,2.35
2,3.25,93,83,3.33
2,4,83,83,3.6
2,2.5,69,69,2.86
2,3.75,83,69,3.32
2,4,69,83,3.57
2,3.5,93,69,3.23
2,2.75,69,83,3.07
2,4,83,83,3.36
2,4.25,83,69,3.58
2,4,83,83,3.8
2,3,93,50,2.21
2,4.5,83,83,4.28
2,4.25,93,93,3.72
2,4.25,69,93,3.44
2,3.25,83,69,2.95
2,4.5,83,93,4.02
2,2.5,69,93,2.9
2,3.5,69,83,3.4
2,4.5,69,93,3.89
2,2.75,69,69,3.19
2,3.25,83,83,2.96
2,4.25,69,83,4.11
2,2,69,69,2.42
2,2.75,69,93,2.49
2,2.5,69,83,2.97
2,3.5,83,50,3.5
2,3.25,93,69,3.22
2,3.25,83,69,3.28
2,4,83,69,3.06
2,3.25,83,50,2.63
2,3.25,69,83,3.6
2,3.5,83,69,3.6
2,4,83,50,2.76
2,3.75,69,69,3.33
2,4.5,98,69,3.59
2,3.75,83,50,2.95
2,3.5,69,93,3.27
2,3,69,69,2.71
2,4.5,83,69,3.96
2,3.5,93,69,3.05
2,4,93,69,3.82
2,3.75,69,83,3.48
2,4,83,69,3.4
2,4,83,83,3.87
2,4.5,69,83,4.19
2,3.25,83,69,3.1
2,3.75,83,69,2.71
2,3,93,83,3.28
2,3.5,83,83,2.72
2,3.5,69,83,2.79
2,3,83,50,2.6
2,4.5,83,83,4.18
2,3.5,69,69,3.58
2,3,93,50,2.83
2,3.25,83,69,3.18
2,3.75,83,69,3.52
2,4,69,83,3.88
2,4.5,93,50,3.83
2,3.75,93,69,3.03
2,3.75,50,93,3
2,4,98,50,3.38
2,3.25,69,93,3.15
2,2.5,93,69,2.55
2,4.5,69,83,4.13
2,4.25,93,69,3.34
2,4.25,83,69,3.88
2,3.75,69,93,3.58
2,4,93,69,3.2
2,3.75,69,93,3.59
2,3.75,69,69,3.09
2,3.75,93,69,2.92
2,3.25,83,50,3.09
2,3,93,32,2.44
2,2.5,69,69,2.87
2,3.5,83,69,3.38
2,3.5,83,93,3.24
2,4,69,83,3.33
2,4.25,93,69,3.49
2,3.5,69,69,2.48
2,3.75,69,83,3.79
2,3,93,50,3.38
2,3,83,93,2.54
2,3.25,83,69,3.17
2,3.5,50,83,3.04
2,3.25,50,83,3.21
2,3.5,83,83,3.47
2,4.25,69,83,3.84
2,3.25,83,50,2.41
2,3.5,83,69,3
2,3.5,93,83,3.07
2,4.25,83,69,3.6
2,4.5,83,69,3.51
2,2.25,69,69,2.36
2,3.25,93,69,3.01
2,4.5,93,69,3.9
2,4.25,83,69,4.13
2,4.25,83,83,3.29
2,4,83,83,3.55
2,3.25,83,69,3.5
2,3.75,69,93,3.67
2,4,83,69,3.21
2,4,93,50,3.18
2,3,69,93,2.48
2,3.75,93,69,3.47
2,4,83,83,3.38
2,3,83,83,2.7
2,4,98,69,3.23
2,4.25,93,32,3.42
2,3.5,83,69,2.84
2,4,50,98,4.05
2,4,93,83,3.28
2,4.5,93,83,3.97
2,4.5,93,93,3.9
2,4,69,69,3.31
2,2.75,69,93,2.85
2,3.75,69,69,2.62
2,3,83,83,3.01
2,3.25,83,83,3.5
2,3.75,93,50,2.92
2,4.25,69,83,3.68
2,3,83,50,3.4
2,2.75,83,83,3.01
2,4.25,83,50,2.07
2,4.25,69,83,4.38
2,3.75,93,69,3.29
2,3.75,83,69,3.68
2,3.25,83,69,2.27
2,3.25,50,83,3.46
2,4,69,69,3.28
2,3.5,83,83,2.82
2,3.75,83,69,3.68
2,2.75,83,50,2.33
2,4,83,69,3.73
2,3.5,69,83,3.69
2,4,83,50,2.85
2,3.5,69,83,2.86
2,3.5,83,69,3.57
2,4.25,83,69,3.24
2,4.25,93,69,3.31
2,3.5,83,83,2.91
2,4.5,93,69,3.37
2,4.5,69,83,3.58
2,4.5,93,69,3.74
2,4.25,69,69,3.85
2,2,83,69,2.58
2,3.25,69,83,3.74
2,2.5,83,69,2.05
2,4.25,93,32,3.51
2,3.5,93,69,2.94
2,3.75,83,93,3.56
2,3.5,83,69,3.11
2,4.5,83,69,3.99
2,3.25,93,69,3.04
2,3.25,69,83,2.6
2,4,69,83,3.41
2,3.75,69,83,3.49
2,3.25,69,83,3.18
2,3,69,83,3.59
2,4,69,83,3.34
2,3,50,98,3.15
2,2.5,50,93,3.22
2,3.5,69,83,3.66
2,4,69,69,3.56
2,4.5,83,50,3.4
2,3.5,69,83,2.29
2,4,50,83,4
2,3.75,69,69,2.99
2,4,69,83,3.03
2,4.5,69,83,3.61
2,3,69,83,2.87
2,3.25,69,69,3.46
2,2.75,83,69,2.35
2,3.25,69,93,3.01
2,4.5,93,69,3.54
2,3,83,69,2.8
2,4.25,93,69,3.13
2,4.25,69,83,3.94
2,4.5,83,69,4.05
2,4,83,50,3.2
2,4,83,50,3.2
2,4.5,69,69,3.51
2,4.25,69,69,3.27
2,4,83,83,3.82
2,3.75,69,83,3.82
2,3,69,69,3.07
2,4,83,69,3.72
2,4.25,69,83,3.7
2,3.25,69,69,3.41
2,3.5,93,69,3.06
2,3.5,69,93,3.28
2,3.75,83,69,3.17
2,3,69,93,3.55
2,2.25,69,83,1.76
2,4,93,69,3.53
2,4,69,69,4.1
2,4,83,50,3.01
2,4.5,83,69,3.38
2,3.75,69,83,3
2,4,69,83,3.63
2,3,83,50,2.6
2,3.25,69,69,3.03
2,4.25,83,69,3.63
2,3.75,69,69,3.16
2,3.25,83,69,2.65
2,3.5,83,93,3.28
2,3.25,83,50,2.9
2,4.25,69,83,4.14
2,3.75,83,83,3.56
2,4.25,69,83,4.13
2,4,83,69,2.61
2,3.25,69,83,3.58
2,3.75,69,50,3.05
2,3,69,69,2.89
2,3.75,83,93,2.76
2,4.25,69,69,3.88
2,3.25,83,83,3.39
2,3.75,69,83,2.82
2,4,69,93,3.61
2,2.75,83,93,2.94
2,3.25,69,83,2.99
2,4,83,83,3.6
2,3.25,93,83,2.29
2,4.25,93,83,3.95
2,3.75,69,69,3.38
2,4,69,69,2.8
2,4.5,69,69,3.9
2,2,93,69,2.82
2,3,83,50,2.77
2,4.5,83,83,3.68
2,3.5,83,83,3.59
2,3.5,69,83,3.18
2,3.25,69,69,2.82
2,4.25,93,69,3.15
2,4,69,93,3.55
2,4,69,69,3.89
2,4,69,83,3.15
2,4,93,69,3.1
2,2.25,83,83,2.18
2,3,83,93,2.83
2,4.25,83,69,4.17
2,3.25,69,83,3.16
2,4.5,83,83,3.61
2,4.5,83,69,3.88
2,3.25,50,83,3.61
2,4,69,83,3.88
2,4.5,83,93,4.06
2,4.25,69,83,3.69
2,4.5,93,50,3.45
2,4.5,98,69,3.94
2,3.25,69,69,3.32
2,4.5,50,93,3.77
2,4.5,83,98,4.2
2,3,83,83,2.89
2,3.5,83,69,3.3
2,3.5,69,69,3.33
2,3.5,83,83,3.24
2,3,69,83,3.07
2,4.25,83,50,3.6
2,3.5,93,69,3.65
2,4,69,83,3.17
2,4,69,93,3.89
2,2.75,83,83,3.09
2,4.25,69,83,3.87
2,4,69,83,3.14
2,4,83,69,3.29
2,2.5,93,32,2.3
2,3,98,50,2.83
2,2.75,83,50,2.72
2,4.5,83,83,3.98
2,4.25,93,50,3.1
2,4.5,83,93,3.42
2,3.5,83,69,3.35
2,4,83,50,3.1
2,2.75,83,69,2.48
2,2.75,69,83,3.44
2,3.75,69,93,3.08
2,4.5,50,83,3.6
2,3.75,69,69,3.01
2,3.5,69,83,3.06
2,4,83,69,3.31
2,4.5,93,69,4.24
2,4,69,83,3.58
2,3.25,69,83,3.58
2,3.75,93,69,2.91
2,3.5,83,69,2.88
2,2.75,83,69,2.5
2,3.75,69,69,3.3
2,4,69,83,4.16
2,3.25,93,50,3.15
2,3.75,69,69,3.82
2,4,69,50,3.42
2,4.25,83,69,3.94
2,3,50,93,3.14
2,4.25,83,69,3.31
2,4,83,83,3.5
2,4,83,69,2.45
2,3.75,93,69,2.84
2,4.25,83,50,3.64
2,3.25,98,69,2.56
2,4.25,93,69,3.35
2,3.25,93,69,2.85
2,4.25,93,69,3.93
2,4,83,69,2.88
2,3,69,83,3.31
2,3.75,69,83,3.71
2,2.5,69,83,1.55
2,4,69,83,2.56
2,4.25,69,83,4.03
2,3,83,50,2.54
2,4,83,83,3.41
2,4,93,83,3.29
2,4,69,83,3.4
2,3.75,93,69,3.98
2,4,83,69,2.8
2,3.5,69,93,3.43
2,3.5,93,69,3.35
2,4.25,83,69,3.6
2,4.25,69,98,4.31
2,4.5,69,69,4.01
2,4,83,83,3.65
2,4.5,93,83,3.68
2,4.25,83,83,3.87
2,4,69,69,3.25
2,3.5,93,83,2.35
2,4.5,83,83,4.2
2,3.75,69,69,3.12
2,3.25,69,83,2.87
2,3.5,93,69,3.36
2,4.25,93,93,3.59
2,3.75,69,83,3.55
2,3.25,83,83,2.79
2,2.5,83,50,2.1
2,3.5,83,69,3.38
2,4.25,69,83,4.2
2,2.75,69,69,2.54
2,4.25,83,69,3.83
2,3,83,69,2.95
2,3,93,50,2.92
2,3.75,93,83,2.98
2,3.75,69,69,3.94
2,4.5,69,69,3.8
2,2,83,69,2.55
2,4,83,83,4.22
2,3,83,83,2.57
2,3.25,93,69,3.42
2,2.5,69,83,3.14
2,3.25,83,69,3.22
2,2.25,83,93,1.81
2,3.25,69,83,3.5
2,3,69,83,2.99
2,3,69,83,1.81
2,3.5,83,50,3.07
2,3.5,69,93,3.62
2,3.75,93,69,4.11
2,3.5,69,83,3.47
2,3.5,83,50,3.23
2,2,69,83,1.74
2,3.75,83,83,3.73
2,2.75,93,69,2.86
2,3,93,50,3.33
2,3,69,93,2.54
2,4.5,93,69,4.12
2,3,69,69,2.73
2,3.5,69,83,3.7
2,3,69,83,2.92
2,3.5,93,69,3.32
2,4.5,50,83,4.1
2,3.25,69,83,3.98
2,3.25,93,69,3.46
2,3,50,83,2.9
2,4,69,50,3.25
2,2.5,69,83,3.45
2,4.25,69,50,3.96
2,3.75,83,69,3.56
2,3.75,83,93,3.6
2,3.75,69,93,3.64
2,3,69,69,3.03
2,4,69,69,3.24
2,4,93,69,3.45
2,4,69,83,3.27
2,4,69,69,3.67
2,3.5,69,83,3.08
2,2.75,83,83,2.83
2,3.75,69,83,3.22
2,2.25,69,69,1.88
2,2,50,93,2.96
2,3.5,83,69,3.32
2,4.5,69,83,4.1
2,4.25,69,83,4.09
2,3.25,69,83,3.22
2,3,69,69,3.33
2,3.5,83,50,3.35
2,3,83,50,2.42
2,4.5,93,50,3.33
2,4,69,93,3.71
2,4,69,83,2.93
2,2,83,69,2.22
2,4,93,69,3.13
2,2.75,69,69,2.62
2,4.25,69,93,3.82
2,3,69,69,2.97
2,3.25,83,69,2.71
2,4.25,83,69,3.86
2,4.5,69,93,4.26
2,3.75,83,69,3.44
2,4.25,69,93,4.13
2,3,69,98,3.67
2,3.75,93,69,3.36
2,3.25,83,50,3.09
2,4,83,83,3.66
2,2.25,83,69,2.58
2,4,69,83,3.42
2,4.5,50,83,4.28
2,4,83,69,2.81
2,4,83,83,3.81
2,4,83,83,3.54
2,4,69,83,3.49
2,2.25,69,69,2.97
2,4.5,83,69,4.08
2,3.75,83,93,3.45
2,4.5,69,83,3.95
2,3.5,83,50,3.75
2,3.5,69,69,3.17
2,4.5,83,83,4.01
2,3.75,83,50,2.99
2,4,83,69,3.53
2,3.25,69,83,2.83
2,3.25,69,93,2.37
2,3.25,69,50,2.06
2,4.5,83,83,3.56
2,4,69,93,3.33
2,4,83,69,2.93
2,4,69,83,3.47
2,3.75,69,83,3.45
2,2.5,69,69,2.86
2,2.75,83,50,2.9
2,4,69,83,3.66
2,4,93,69,3.27
2,3,69,93,3.54
2,4.25,83,50,3.2
2,4,69,83,3.88
2,3.75,69,69,3.97
2,3.5,83,83,3.5
2,3.5,69,83,3.09
2,3.5,83,69,2.91
2,2.75,69,83,2.83
2,4.5,93,69,3.95
2,3,93,69,3.14
2,4,83,83,3.59
2,3.5,83,69,3.3
2,3.5,69,93,3.15
2,3,83,69,2.3
2,4,83,83,3.55
2,4.5,93,69,3.59
2,3,83,83,3.26
2,4.25,69,83,2.97
2,2,69,93,2.57
2,3.25,69,93,3.09
2,2,69,69,1.59
2,4.5,83,83,4.19
2,3.75,83,50,3.37
2,3,83,69,2.46
2,4.25,83,69,2.73
2,3.5,69,69,3.33
2,3,83,83,1.75
2,4.25,83,83,4.04
2,3.75,83,69,2.95
2,3.25,83,69,3.04
2,4.5,93,83,4.1
2,4,93,69,3.06
2,3,69,69,3.01
2,3.75,69,83,3.63
2,4.5,83,69,4.07
2,3.5,50,93,2.64
2,2.5,93,69,2.54
2,4.25,69,69,3.97
2,4.5,83,69,3.94
2,4,83,69,3.48
2,4.25,83,83,2.61
2,3.5,83,69,3.56
2,4.5,93,32,3.2
2,3.5,93,69,2.4
2,4.25,83,69,2.86
2,4.25,69,83,3.34
2,2.75,93,69,2.47
2,2.75,83,69,2.78
2,2.75,69,69,2.49
2,3.5,69,69,2.98
2,4.5,83,69,3.28
2,3.25,69,83,3.32
2,2.5,83,69,2.86
2,3.5,83,50,1.57
2,4.25,93,69,3.96
2,4,83,69,3.03
2,4.5,83,83,3.61
2,3.75,83,69,3.49
2,4,93,50,2.9
2,3,83,69,3.14
2,2,69,93,2.6
2,2.75,93,69,2.56
2,3.75,69,93,2.68
2,4,93,69,3.52
2,3,83,83,2.68
2,4,93,83,3.59
1,4.25,84,66,3.7
1,4.25,80,74,3.6
1,2.75,71,82,2.39
1,3.5,87,66,3.47
1,3.25,60,72,2.94
1,3,73,71,2.88
1,3,68,87,3.1
1,3,76,76,3.18
1,4,66,51,3.26
1,3,55,85,3.08
1,4.5,82,80,4.24
1,3.5,49,90,3.24
1,4.5,79,76,4.04
1,3.5,86,58,3.04
1,3.5,64,87,3.59
1,4.5,87,63,3.32
1,3.75,82,66,2.97
1,3.25,87,57,2.24
1,3.5,51,94,3.46
1,4,68,69,3.42
1,4,62,88,3.51
1,3.25,74,66,2.75
1,4.5,80,69,4.09
1,3,55,78,3
1,2.75,53,78,2.95
1,3.5,88,51,3.09
1,3.25,51,76,3.37
1,2.75,76,72,2.7
1,4,64,76,3.79
1,3.25,71,63,2.8
1,3.75,71,95,3.06
1,2.75,77,69,2.42
1,3.25,82,76,3.46
1,4,79,66,3.65
1,3.5,71,87,3.29
1,3.5,73,66,3.21
1,4.25,77,85,3.47
1,4.25,87,78,3.6
1,4.5,73,84,4.08
1,3.25,73,72,2.51
1,3.75,70,80,3.45
1,4.5,77,64,3.87
1,3.75,87,93,3.49
1,3.75,77,60,3.38
1,3.5,88,74,2.68
1,4,60,94,3.74
1,2.75,73,72,2.06
1,3.25,77,82,3.18
1,3.75,90,82,3.16
1,3.5,76,90,3.28
1,3.5,76,71,3.12
1,3.25,73,74,3.05
1,3,77,69,2.99
1,4.5,87,84,3.28
1,3,68,57,2.78
1,3.5,82,69,3.22
1,3.25,70,85,3.33
1,4,60,93,3.5
1,3,80,69,2.5
1,2.25,84,72,2.63
1,4.5,87,60,3.55
1,2.5,91,74,2.18
1,3.25,76,64,3.13
1,3.5,73,72,3.24
1,4.5,71,85,3.93
1,3,68,90,3.03
1,4.25,77,76,3.88
1,4.5,76,76,3.75
1,2.75,57,80,3.09
1,4.5,62,74,3.56
1,3.75,58,95,3.8
1,4,70,81,3.68
1,3,83,74,3.1
1,3.25,95,82,3.18
1,3.5,77,69,2.73
1,3.5,84,72,3.3
1,4.25,92,55,3.59
1,4.25,79,72,3.65
1,4.25,77,74,3.92
1,4,84,81,3.07
1,2,71,88,3.07
1,3.75,64,76,3.19
1,3.5,73,88,3.56
1,2.25,83,78,1.85
1,3.5,66,76,2.93
1,3,84,82,3.15
1,3.75,84,69,3.37
1,3.75,74,45,3.15
1,4.25,71,63,3.55
1,4,84,90,4.05
1,4,62,81,3.64
1,3.5,68,84,2.73
1,3.75,73,67,3.55
1,3.75,64,67,3.55
1,3.25,79,72,3.38
1,3,70,71,3.13
1,3.75,70,76,3.07
1,3.75,70,81,3.31
1,3.25,66,58,3.36
1,4,86,55,3.39
1,3.5,53,90,3.23
1,3.75,87,63,3.3
1,3.5,76,78,3.07
1,2.75,68,67,2.86
1,4,66,74,3.56
1,2.5,87,78,2.41
1,3.25,68,57,2.81
1,4,84,50,3.83
1,2.5,55,85,2.85
1,2.75,77,71,2.72
1,2.5,82,78,3.58
1,4,83,58,2.66
1,3.5,80,81,2.68
1,3,68,67,3.14
1,2.25,79,69,2.55
1,3.25,80,74,3.26
1,4.25,70,88,3.71
1,3.75,74,76,3.08
1,4,80,81,3.25
1,4,84,80,3
1,3.75,73,88,3.03
1,2.5,83,80,2.13
1,2.5,84,85,2.6
1,3.75,71,81,3
1,3.25,77,84,3.31
1,3.25,71,90,2.86
1,4.5,62,84,3.86
1,2.5,57,82,2.36
1,4,84,81,3.67
1,4.25,64,88,3.97
1,4.25,58,88,3.77
1,3.5,70,92,3.63
1,4.25,68,84,4.09
1,4.5,100,50,3.45
1,2.75,76,69,2.83
1,3.5,62,95,3.33
1,3.25,70,95,3.55
1,3.25,40,94,2.95
1,3.5,60,78,3.24
1,3.75,91,60,2.47
1,3.5,83,76,3.28
1,2.75,74,81,2.7
1,4.25,66,90,3.83
1,3.5,87,63,3.41
1,3.75,55,90,3.38
1,3.75,68,64,3.15
1,3.25,64,76,3.09
1,4.25,68,81,3.37
1,2.5,77,60,3.09
1,3.75,82,64,3.18
1,4.25,77,85,3.95
1,4.25,73,76,3.73
1,4.25,70,90,4.03
1,3.5,77,66,3.46
1,3.5,71,72,3.49
1,3.75,64,76,3.69
1,4,87,67,3.58
1,3.75,64,85,3.84
1,4.5,90,71,3.18
1,3.75,82,63,3.63
1,2.5,73,72,2.87
1,3.5,71,82,3.62
1,3.75,66,76,3.18
1,3.25,74,66,3.32
1,3.25,83,74,3.21
1,2,62,69,2.03
1,3,70,74,3.04
1,3.25,64,76,2.98
1,4.25,77,80,3.51
1,4,44,90,3.51
1,3.25,57,78,2.77
1,4.5,74,76,3.42
1,4,86,57,3.69
1,4.5,90,66,3.58
1,2.5,92,69,3.31
1,4.25,77,67,3.49
1,3.75,64,66,2.96
1,3.5,58,82,3.54
1,3.5,79,72,3.29
1,2.5,64,81,2.88
1,3.5,60,93,3.42
1,3.75,84,60,3.47
1,3.5,64,72,3.29
1,3.5,91,53,3.34
1,3.5,49,93,3.47
1,3.75,80,60,3.38
1,3.75,70,76,3.41
1,4.5,76,57,3.14
1,3.5,76,72,2.97
1,2.5,68,84,3.03
1,2.75,68,76,2.7
1,3.5,84,54,3.01
1,4,73,72,3.58
1,2.75,45,80,2.72
1,3.5,76,90,3.53
1,4,70,76,3.51
1,4,60,82,3.97
1,3.25,73,84,3.22
1,3.75,57,92,3.51
1,3.25,62,60,2.79
1,2.25,53,85,3.09
1,3.75,47,84,2.96
1,2.75,80,80,2.73
1,4.5,77,76,3.18
1,2.25,76,81,3.5
1,3,62,64,2.69
1,4,86,71,3.06
1,3.75,53,78,3.35
1,4.25,68,63,4.05
1,3.5,76,88,3.12
1,3.25,73,90,3.26
1,3.75,83,84,3.69
1,4,73,64,2.43
1,3.5,73,90,2.97
1,2,62,72,2.54
1,3.75,82,76,3.71
1,4,83,76,3.47
1,3.5,92,63,2.77
1,4.25,62,87,3.9
1,3,71,69,3.14
1,4.25,88,85,3.79
1,3,60,76,3.04
1,2.75,76,66,2.73
1,3,68,69,2.65
1,3.5,80,63,3.36
1,4.5,45,72,4.17
1,3.5,71,58,3.59
1,4,73,63,4.08
1,3,68,57,3.5
1,3.75,66,74,2.93
1,3.75,74,74,3.57
1,4.25,70,90,3.83
1,4.5,62,87,3.81
1,3.25,64,47,2.64
1,2.75,80,82,2.96
1,3.25,73,85,2.86
1,3,66,71,3.02
1,3.75,62,82,3.81
1,2.5,68,64,2
1,4.5,71,72,3.69
1,3.75,68,60,3.49
1,3.75,77,76,3.45
1,4.5,86,60,3.8
1,3.75,64,69,3.05
1,3.75,92,40,3.4
1,4,60,54,3.46
1,2.25,68,57,3.05
1,3.5,80,88,3.74
1,3.5,83,57,3.24
1,3.5,71,51,3.79
1,4.25,47,78,4.05
1,3.25,60,84,3.45
1,4.5,51,82,3.69
1,3.25,58,95,3.45
1,3.25,70,97,2.81
1,3.75,76,74,3.19
1,4.5,68,80,3.22
1,4.25,62,84,4.04
1,4,74,80,4.03
1,4,53,71,3.53
1,4.25,74,80,3.74
1,4.25,64,81,3.74
1,4.5,70,84,3.15
1,2.5,62,57,3.18
1,3.75,80,78,3.83
1,3.75,74,76,3.56
1,3.75,79,72,3.22
1,4.5,68,84,4.04
1,4.5,86,78,3.82
1,3.25,68,90,2.86
1,2,70,78,3.14
1,3,79,71,2.97
1,3,62,63,3.1
1,4.25,74,66,3.65
1,2.5,76,72,2.69
1,3.75,62,66,3.15
1,4,57,92,3.65
1,3,91,66,2.97
1,3.5,87,82,2.71
1,3.75,77,90,3.55
1,3.75,73,84,3.83
1,4.25,79,72,3.68
1,3.5,76,82,3.41
1,4,55,90,3.6
1,3.5,62,82,3.49
1,2,84,80,2.66
1,3.5,70,74,2.95
1,3.5,60,90,3.44
1,3.5,58,81,3.3
1,4.25,91,81,3.22
1,4.5,68,58,3.87
1,2,79,66,2.43
1,3.75,82,81,3.23
1,2.75,86,66,2.97
1,4.5,73,69,2.99
1,4.25,62,80,3.45
1,2,74,78,2.72
1,4,76,74,3.4
1,2.25,77,82,2.86
1,3.5,77,85,3.17
1,3.75,86,76,3.58
1,2,87,74,3.04
1,4.5,58,97,2.68
1,4,57,88,3.03
1,3.75,80,81,3.21
1,2,62,78,2.35
1,3.75,62,74,3.38
1,3,79,76,3.15
1,3.75,87,71,3.28
1,4,66,76,3.22
1,4.25,79,82,3.74
1,2,91,81,3.18
1,3.5,76,88,3.38
1,4,66,90,3.24
1,2.75,66,85,2.55
1,4,84,69,3.13
1,4.25,74,88,3.51
1,3.75,80,72,3.58
1,3.25,73,76,3.17
1,4.5,76,69,3.08
1,2.5,47,80,2.77
1,3,84,88,1.42
1,3.5,79,67,3.09
1,3.75,74,69,3.41
1,3.5,76,81,2.81
1,4.5,74,69,3.82
1,3.5,71,90,3
1,4.5,76,81,3.94
1,3.75,84,76,3.83
1,3.75,64,90,3.56
1,3.75,82,80,3.46
1,3.5,82,69,2.82
1,4.25,90,58,3.4
1,2.5,83,81,2.76
1,4,62,92,3.24
1,3.75,76,81,2.73
1,3.75,73,80,3.54
1,3.75,82,66,3.82
1,4,62,93,3.55
1,3,80,60,2.91
1,3,83,69,2.79
1,2.75,70,84,2.59
1,4.25,66,81,3.76
1,4,74,78,3.64
1,3.75,76,58,2.78
1,3.75,68,84,3.5
1,4,68,81,3.74
1,4.25,82,60,3.88
1,3.5,92,81,3.08
1,4.25,57,85,3.95
1,3.75,76,63,3.26
1,3.75,74,76,3.13
1,3,70,78,2.98
1,4,86,76,3.49
1,3.75,62,87,3.37
1,4,82,69,3.52
1,3.75,86,76,3.04
1,3.25,73,76,3.44
1,2.5,70,69,2.69
1,2,88,58,2.96
1,3.75,57,87,3.77
1,3.75,77,72,3.66
1,2,76,80,2.86
1,3.5,68,78,3.4
1,3.5,76,72,3.3
1,3.25,58,81,3
1,4.5,68,78,4.24
1,3.75,49,97,3.31
1,4.25,70,76,3.36
1,2,76,55,1.62
1,4.25,66,88,3.49
1,3.75,68,76,3.07
1,3,76,72,2.96
1,3.5,83,67,2.78
1,4.5,86,66,3.98
1,2.5,73,88,2.58
1,3.5,87,57,2.64
1,3.25,88,54,2.92
1,3.75,74,87,3.34
1,3.75,58,72,2.82
1,2.5,74,90,2.47
1,3.5,64,76,3.32
1,3.75,71,84,3.45
1,3,71,85,1.92
1,4,79,81,3.41
1,3,68,81,2.77
1,4.25,76,87,3.7
1,4,71,81,3.08
1,3.75,76,76,3.49
1,3.25,70,69,3.08
1,3.25,57,76,3.27
1,3.25,79,78,2.92
1,4.25,84,85,3.87
1,4.5,86,69,3.54
1,2.5,68,72,2.99
1,4,88,72,3.12
1,2.5,57,88,2.01
1,2.5,80,60,2.91
1,4,60,94,3.55
1,4,84,55,3.04
1,3,73,82,3.09
1,3.75,76,48,2.97
1,3.25,68,78,3.5
1,3,77,69,2.91
1,2.75,55,85,3.44
1,3,74,84,2.73
1,2.5,83,84,2.9
1,2.5,60,58,2.5
1,2.5,70,57,2.84
1,3,47,72,3.04
1,2.5,62,93,2.83
1,4,71,67,4.03
1,2.5,53,69,2.9
1,4,60,90,3.53
1,3,71,74,2.87
1,2.5,53,90,2.34
1,3,55,71,3.26
1,2,79,60,2.96
1,4,79,85,3.76
1,4.5,74,90,4.11
1,4.25,80,69,3.31
1,3.25,84,57,3.15
1,4,40,90,3.49
1,2.5,66,87,3.55
1,3,87,88,3.23
1,3,80,72,2.89
1,3.5,96,87,3.25
1,3.5,70,69,3.58
1,3.25,95,66,2.78
1,3.5,49,76,3.5
1,2.25,64,80,2.47
1,2.75,68,76,3.63
1,3,84,76,3.24
1,3.5,57,84,3.28
1,4.25,62,43,3.24
1,2.5,76,57,2.16
1,3.75,62,74,2.72
1,4.25,66,81,3.71
1,3,55,82,2.96
1,3.25,58,81,3.38
1,3.5,62,69,3.46
1,3.25,86,67,3.36
1,3.25,74,90,3.28
1,2.25,88,37,2.8
1,4.25,58,87,3.64
1,4.5,76,66,4.16
1,3.75,66,80,3
1,3.25,49,72,3.29
1,2.25,83,87,1.92
1,3.5,71,84,3.36
1,3,51,78,3.48
1,3.25,80,60,3.31
1,3.25,76,58,2.55
1,2.5,60,66,2.86
1,3.25,71,72,3.19
1,2.75,76,72,3.29
1,3.75,76,72,3.14
1,3.75,70,76,2.34
1,4,60,81,3.56
1,3,71,76,2.6
1,3.25,66,57,2.91
1,3.25,77,71,3.05
1,3.25,76,80,2.95
1,2.25,66,60,2.85
1,4,64,78,3.8
1,4.25,55,78,3.73
1,3,66,55,2.63
1,3.25,51,90,2.99
1,4.25,71,72,3.41
1,3.75,64,69,3.74
1,2.5,77,81,2.7
1,3.25,84,60,2.92
1,2.5,66,82,2.55
1,2.75,89,63,2.59
1,2.25,70,71,2.73
1,2.25,80,71,2.13
1,4.25,76,71,3.74
1,3.5,77,72,3.31
1,3,71,76,2.49
1,3.25,60,81,2.03
1,3.5,79,78,3.15
1,2,62,67,2.86
1,3.5,89,72,3.04
1,4.5,88,67,3.71
1,2.25,74,76,3.03
1,3.25,64,81,3.14
1,2.75,76,60,3.1
1,2.75,68,87,2.81
1,4.25,66,72,3.79
1,3.5,66,93,3.52
1,3.25,71,57,3.65
1,4.5,76,87,4.25
1,2.5,73,81,2.66
1,3,66,84,2.61
1,4.5,74,64,3.9
1,3.75,51,82,3.65
1,3.75,77,76,3.36
1,2.75,60,76,3.2
1,4.5,73,81,3.25
1,3,76,76,3.24
1,3.75,86,72,3.44
1,4.5,77,81,4.15
1,3.75,93,67,3.3
1,3.75,80,66,2.95
1,3.75,83,74,3.59
1,4,84,87,3.91
1,4.5,76,84,3.59
1,2,66,87,3.07
1,3.5,53,93,3.67
1,4,79,76,2.93
1,4,57,82,4.03
1,3.25,76,82,3.31
1,2.25,58,78,2.94
1,2.75,70,78,3.46
1,2.25,60,66,2.1
1,4.5,74,72,3.83
1,4,64,95,3.43
1,3.25,83,72,3.13
1,2.75,73,51,2.85
1,2.25,70,84,3.02
1,4.25,73,63,3.4
1,4.25,83,45,3.67
1,3,74,72,3.23
1,4.25,70,76,3.54
1,4,70,85,3.76
1,3.25,77,74,3.45
1,3.5,86,90,3.24
1,3,64,82,3.37
1,3.75,83,63,3.85
1,3.25,79,84,3.57
1,2,76,69,2.04
1,2.25,74,81,2.69
1,4.5,66,81,4.18
1,3.75,68,88,3.91
1,4,60,63,3.5
1,2.75,79,84,2.65
1,2.5,80,57,3.27
1,2.75,71,82,3.45
1,3.75,91,67,3.13
1,2.5,76,57,3.21
1,3.75,74,66,3.27
1,2,79,90,1.74
1,3.25,62,84,2.73
1,4.25,68,85,3.6
1,3.25,60,93,3.5
1,3.5,74,78,2.29
1,2.75,62,95,2.37
1,3.75,71,76,3.41
1,4,79,81,2.41
1,4.5,74,69,3.43
1,4,74,78,3.7
1,4.25,77,81,3.59
1,4.25,73,66,4.03
1,2,92,66,2.68
1,3,76,76,2.89
1,4,76,54,3.55
1,2.5,71,84,2.88
1,2.75,68,90,2.81
1,3.75,91,63,2.73
1,2,92,74,2.13
1,2.5,71,81,2.98
1,3.5,74,85,3.58
1,2.5,83,72,2.3
1,3.75,80,55,3.16
1,4.5,76,84,3.79
1,4.5,84,74,3.42
1,4.25,68,78,3.4
1,4,44,85,3.88
1,3,71,85,3.17
1,4.5,88,66,3.82
1,4,57,67,3.71
